"source_path_or_exact_group","file_count","kind","v2_destination","test_or_precise_exclusion"
".idea/.idea.CeMCP/.idea/","6","IDE metadata","Excluded from the product source tree.","Local IDE state has no capability or documentation value."
"CheatEngine.Mcp.slnx","1","solution","CheatEngine.Mcp.slnx","Solution membership is covered by tests/CheatEngine.Mcp.Tests/Architecture/ArchitectureTests.cs."
"{Directory.Build.props,Directory.Build.targets,Directory.Packages.props,nuget.config}","4","central build and package policy","Root files with the same names in the target repository.","tests/CheatEngine.Mcp.Tests/Architecture/ArchitectureTests.cs and checked-in package lock files protect the policy."
"libs/CheatEngine.Mcp.Bridge/{BridgeOps.cs,BridgeScript.cs,BridgeVersionInfo.cs,CheatEngine.Mcp.Bridge.csproj,packages.lock.json}","5","prototype standalone Lua bridge","Folded into libs/CheatEngine.Mcp.Core/Lua/ and srcs/CheatEngine.Mcp.Plugin/; no Bridge project remains in v2.","tests/CheatEngine.Mcp.Tests/NativeLua/NativeLuaToolRuntimeTests.cs and NativeLua/NativeLuaUnsafeDispatchTests.cs."
"libs/CheatEngine.Mcp.Bridge/Lua/core/","2","prototype Lua bridge and JSON scripts","libs/CheatEngine.Mcp.Core/Lua/{LuaPrelude.cs,LuaJsonWriter.cs,LuaToolRuntime.cs}.","tests/CheatEngine.Mcp.Tests/NativeLua/NativeLuaJsonWriterTests.cs and NativeLua/NativeLuaToolRuntimeTests.cs."
"libs/CheatEngine.Mcp.Core/{CheatEngine.Mcp.Core.csproj,packages.lock.json}","2","Core project definition","Current libs/CheatEngine.Mcp.Core/{CheatEngine.Mcp.Core.csproj,packages.lock.json}.","tests/CheatEngine.Mcp.Tests/Architecture/ArchitectureTests.cs."
"libs/CheatEngine.Mcp.Core/Activation/","2","prototype activation contracts","libs/CheatEngine.Mcp.Core/Targets/ and srcs/CheatEngine.Mcp.Plugin/McpServerModule.cs.","tests/CheatEngine.Mcp.Tests/Core/TargetResourcesTests.cs and Plugin/McpModuleLifecycleTests.cs."
"libs/CheatEngine.Mcp.Core/Addressing/","1","address value object","libs/CheatEngine.Mcp.Core/Values/{HexFormat.cs,HexParse.cs}.","tests/CheatEngine.Mcp.Tests/Core/HexValuesTests.cs."
"libs/CheatEngine.Mcp.Core/Bridge/","2","prototype bridge abstraction","libs/CheatEngine.Mcp.Core/Lua/; Client is the only CE API used by Core.","tests/CheatEngine.Mcp.Tests/Core/LuaToolRuntimeTests.cs and NativeLua/NativeLuaToolRuntimeTests.cs."
"libs/CheatEngine.Mcp.Core/Contracts/","2","runtime and process DTOs","libs/CheatEngine.Mcp.Core/{Contract/,Runtime/McpRuntimeInfo.cs} and typed tool result records.","tests/CheatEngine.Mcp.Tests/Core/ContractJsonTests.cs and Tools/RuntimeProcessScanV2ContractTests.cs."
"libs/CheatEngine.Mcp.Core/Failures/","4","prototype failure envelope","libs/CheatEngine.Mcp.Core/Contract/{CheatEngineToolException.cs,ToolError*.cs,ToolFailureMapping.cs}.","tests/CheatEngine.Mcp.Tests/Core/CheatEngineToolExceptionTests.cs and Core/ToolFailureMappingTests.cs."
"libs/CheatEngine.Mcp.Core/Files/","1","prototype path policy","libs/CheatEngine.Mcp.Core/Files/{McpFilePaths.cs,McpPathRules.cs,WindowsAnchoredFiles.cs}.","tests/CheatEngine.Mcp.Tests/Core/McpFilePathsTests.cs."
"libs/CheatEngine.Mcp.Core/Gateway/","4","prototype gateway abstractions","srcs/CheatEngine.Mcp.Hosting/Gateway/ and srcs/CheatEngine.Mcp.Gateway/GatewayProgram.cs.","tests/CheatEngine.Mcp.Tests/Hosting/GatewayServerTests.cs, Hosting/GatewayToolCatalogTests.cs and Hosting/GatewayTokenLeakTests.cs."
"libs/CheatEngine.Mcp.Core/Hosting/","1","prototype server information DTO","libs/CheatEngine.Mcp.Core/Runtime/McpRuntimeInfo.cs and srcs/CheatEngine.Mcp.Hosting/Discovery/.","tests/CheatEngine.Mcp.Tests/Hosting/McpServerTests.cs and Plugin/RuntimeInfoTests.cs."
"libs/CheatEngine.Mcp.Core/Leases/","3","prototype resource leases","libs/CheatEngine.Mcp.Core/Targets/{TargetResources.cs,ClientLeaseResource.cs,ResourceReleaseOutcome.cs}.","tests/CheatEngine.Mcp.Tests/Core/TargetResourcesTests.cs and Core/TargetTransitionGuardsTests.cs."
"libs/CheatEngine.Mcp.Core/Mcp/","6","prototype primitive registration and schema layer","libs/CheatEngine.Mcp.Core/Composition/ and Contract/CoreJsonContext.cs.","tests/CheatEngine.Mcp.Tests/Core/PrimitiveCompositionTests.cs, Core/SchemaTransformTests.cs and Contract/CompositionParityTests.cs."
"libs/CheatEngine.Mcp.Core/Names/","3","prototype names for tools prompts and resources","libs/CheatEngine.Mcp.Core/Contract/CheatEngineToolNames.cs and Composition/McpResourceUris.cs; prompt names are declared by Prompts.","tests/CheatEngine.Mcp.Tests/Contract/ToolCatalogContractTests.cs, Prompts/WorkflowPromptTests.cs and Hosting/GatewayResourceTests.cs."
"libs/CheatEngine.Mcp.Core/Options/","1","prototype MCP options","libs/CheatEngine.Mcp.Core/{Execution/McpExecutionOptions.cs,Features/McpFeatureOptions.cs,Files/McpFileOptions.cs}.","tests/CheatEngine.Mcp.Tests/Core/FeatureGateTests.cs and Plugin/FeatureOptionsTests.cs."
"libs/CheatEngine.Mcp.Core/Serialization/","1","prototype JSON configuration","libs/CheatEngine.Mcp.Core/{Contract/CoreJsonContext.cs,Composition/CheatEngineMcpJson.cs}.","tests/CheatEngine.Mcp.Tests/Core/CheatEngineMcpJsonTests.cs and Contract/OutputSchemaContractTests.cs."
"srcs/CheatEngine.Mcp.Prompts/","3","prototype prompt project and builder","Current srcs/CheatEngine.Mcp.Prompts/, including CheatEngineWorkflowPrompts.cs and Workflows/.","tests/CheatEngine.Mcp.Tests/Prompts/WorkflowPromptTests.cs and Contract/ServerInstructionsTests.cs."
"srcs/CheatEngine.Mcp.Resources/","3","prototype resource project and builder","Current srcs/CheatEngine.Mcp.Resources/, including Docs/, Knowledge/ and Live/ resources.","tests/CheatEngine.Mcp.Tests/Resources/KnowledgeResourceTests.cs and Hosting/GatewayResourceTests.cs."
"srcs/CheatEngine.Mcp.Tools/{CheatEngine.Mcp.Tools.csproj,CheatEngineToolsBuilderExtensions.cs,packages.lock.json}","3","tools project and composition","Current srcs/CheatEngine.Mcp.Tools/ project, builder extensions and domain folders.","tests/CheatEngine.Mcp.Tests/Contract/CompositionParityTests.cs and Contract/ToolContractTests.cs."
"srcs/CheatEngine.Mcp.Tools/Runtime/","1","prototype runtime tool","Current srcs/CheatEngine.Mcp.Tools/Runtime/{RuntimeTools.cs,RuntimeRecords.cs,RuntimeJsonContext.cs,RuntimeToolsBuilderExtensions.cs}.","tests/CheatEngine.Mcp.Tests/Tools/RuntimeProcessScanV2ContractTests.cs and NativeLua/NativeLuaRuntimeProcessScanV2Tests.cs."
"srcs/CheatEngine.Mcp/{CheatEngine.Mcp.csproj,packages.lock.json}","2","prototype monolithic product project","Split into srcs/CheatEngine.Mcp.Plugin/, srcs/CheatEngine.Mcp.Hosting/ and srcs/CheatEngine.Mcp.Gateway/.","tests/CheatEngine.Mcp.Tests/Architecture/ArchitectureTests.cs and Contract/CompositionParityTests.cs."
"srcs/CheatEngine.Mcp/McpPlugin.cs","1","prototype plugin entry point","srcs/CheatEngine.Mcp.Plugin/CheatEngineMcpPlugin.cs.","tests/CheatEngine.Mcp.Tests/Plugin/McpModuleLifecycleTests.cs."
"srcs/CheatEngine.Mcp/appsettings.json","1","prototype plugin configuration","srcs/CheatEngine.Mcp.Plugin/appsettings.json and Hosting/Configuration/.","tests/CheatEngine.Mcp.Tests/Plugin/McpConfigurationTests.cs and Plugin/FileOptionsTests.cs."
"srcs/CheatEngine.Mcp/Bridge/","2","prototype plugin bridge adapter","Replaced by the typed Client path in Core and the narrow Plugin status bridge.","tests/CheatEngine.Mcp.Tests/NativeLua/NativeLuaToolRuntimeTests.cs and NativeLua/NativeLuaStatusIndicatorTests.cs."
"srcs/CheatEngine.Mcp/Configuration/","2","prototype configuration loader","srcs/CheatEngine.Mcp.Hosting/Configuration/ and srcs/CheatEngine.Mcp.Plugin/McpPluginConfigurationBuilderExtensions.cs.","tests/CheatEngine.Mcp.Tests/Plugin/McpConfigurationTests.cs."
"srcs/CheatEngine.Mcp/Hosting/","6","prototype backend host and lifecycle","srcs/CheatEngine.Mcp.Hosting/{Backend/,Discovery/,Gateway/} plus Plugin/McpServerModule.cs.","tests/CheatEngine.Mcp.Tests/Hosting/McpServerTests.cs, Hosting/InstanceRegistryTests.cs and Plugin/McpModuleLifecycleTests.cs."
"srcs/CheatEngine.Mcp/Logging/","1","prototype plugin logging","srcs/CheatEngine.Mcp.Plugin/Logging/.","tests/CheatEngine.Mcp.Tests/Plugin/PluginLogTests.cs."
"srcs/CheatEngine.Mcp/Shell/","3","raw SDK menu shell and bridge loader","srcs/CheatEngine.Mcp.Plugin/McpStatusIndicator.cs is the reviewed narrow SDK UI exception; the broad raw bridge is excluded.","tests/CheatEngine.Mcp.Tests/NativeLua/NativeLuaStatusIndicatorTests.cs and Architecture/ArchitectureTests.cs."
"tests/CheatEngine.Mcp.Bridge.Tests/{BridgeOpsConsistencyTests.cs,BridgeScriptTests.cs,CheatEngine.Mcp.Bridge.Tests.csproj,MSTestSettings.cs,NativeLuaTests.cs,packages.lock.json}","6","prototype bridge tests and test project","Merged into the target NativeLua suite and the single tests/CheatEngine.Mcp.Tests project.","tests/CheatEngine.Mcp.Tests/NativeLua/{NativeLuaToolRuntimeTests.cs,NativeLuaJsonWriterTests.cs,NativeLuaUnsafeDispatchTests.cs}."
"tests/CheatEngine.Mcp.Bridge.Tests/Lua/","2","Lua bridge test fixtures","Current NativeLua fixtures under tests/CheatEngine.Mcp.Tests/NativeLua/ and fixed script assertions.","tests/CheatEngine.Mcp.Tests/NativeLua/NativeLuaToolRuntimeTests.cs and Support/LuaFixedScriptAssert.cs."
"tests/CheatEngine.Mcp.Bridge.Tests/Support/","1","prototype native Lua test helper","Merged into the target NativeLua test infrastructure.","tests/CheatEngine.Mcp.Tests/NativeLua/NativeLuaToolRuntimeTests.cs."
"tests/CheatEngine.Mcp.Core.Tests/{CheatEngine.Mcp.Core.Tests.csproj,MSTestSettings.cs,packages.lock.json}","3","prototype Core test project","Merged into tests/CheatEngine.Mcp.Tests/CheatEngine.Mcp.Tests.csproj and eng/Tests.props.","tests/CheatEngine.Mcp.Tests/Architecture/ArchitectureTests.cs."
"tests/CheatEngine.Mcp.Core.Tests/Addressing/","1","address parsing test","tests/CheatEngine.Mcp.Tests/Core/HexValuesTests.cs.","Ported test coverage."
"tests/CheatEngine.Mcp.Core.Tests/Bridge/","1","bridge extension test","tests/CheatEngine.Mcp.Tests/Core/LuaToolRuntimeTests.cs.","Ported test coverage."
"tests/CheatEngine.Mcp.Core.Tests/Failures/","1","failure-kind test","tests/CheatEngine.Mcp.Tests/Core/CheatEngineToolExceptionTests.cs and Core/ToolFailureMappingTests.cs.","Ported test coverage."
"tests/CheatEngine.Mcp.Core.Tests/Files/","1","path policy test","tests/CheatEngine.Mcp.Tests/Core/McpFilePathsTests.cs.","Ported test coverage."
"tests/CheatEngine.Mcp.Core.Tests/Gateway/","1","gateway abstraction test","tests/CheatEngine.Mcp.Tests/Hosting/GatewayServerTests.cs and Hosting/GatewayOptionsTests.cs.","Ported test coverage."
"tests/CheatEngine.Mcp.Core.Tests/Leases/","1","lease registry test","tests/CheatEngine.Mcp.Tests/Core/TargetResourcesTests.cs.","Ported test coverage."
"tests/CheatEngine.Mcp.Core.Tests/Mcp/","4","primitive and error-pipeline tests","tests/CheatEngine.Mcp.Tests/Core/{PrimitiveCompositionTests.cs,SchemaTransformTests.cs,ToolFiltersTests.cs}.","Ported test coverage."
"tests/CheatEngine.Mcp.Core.Tests/Options/","1","MCP option test","tests/CheatEngine.Mcp.Tests/Core/FeatureGateTests.cs and Plugin/FeatureOptionsTests.cs.","Ported test coverage."
"tests/CheatEngine.Mcp.Core.Tests/Support/","5","prototype test doubles and schema helpers","tests/CheatEngine.Mcp.Tests/Support/.","Support code only; no shipped capability."
"tests/CheatEngine.Mcp.Tests/{CheatEngine.Mcp.Tests.csproj,MSTestSettings.cs,packages.lock.json}","3","prototype product test project","Current tests/CheatEngine.Mcp.Tests/CheatEngine.Mcp.Tests.csproj and eng/Tests.props.","Target suite project and test settings are the replacement."
"tests/CheatEngine.Mcp.Tests/Configuration/","1","prototype configuration test","tests/CheatEngine.Mcp.Tests/Plugin/McpConfigurationTests.cs.","Ported test coverage."
"tests/CheatEngine.Mcp.Tests/Hosting/","2","prototype host tests","tests/CheatEngine.Mcp.Tests/Hosting/{McpServerTests.cs,GatewayServerTests.cs}.","Ported test coverage."
"tests/CheatEngine.Mcp.Tests/Support/","1","prototype runtime test double","tests/CheatEngine.Mcp.Tests/Support/{TestRuntime.cs,TestComposition.cs}.","Support code only; no shipped capability."
